id,comment
https://www.instagram.com/pwinsus/,#iwantklarna
https://www.instagram.com/preshvvpplied/,just came back from 8th DR
https://www.instagram.com/davidbitton_architecte/,Must to visit if you are in Miami !!!!!!!!
https://www.instagram.com/ro.k_milano/,Too cool to be true ğŸ‘ğŸ’¡ğŸ’¥
https://www.instagram.com/_thamim__/,Levi's â¤ï¸
https://www.instagram.com/preshvvpplied/,just came back from 8th DR
https://www.instagram.com/itsjordanwalsh/,Check dm ğŸ–¤
https://www.instagram.com/resell_moldova/,ğŸ™ŒğŸ”¥ğŸ˜ğŸ˜ğŸ˜ğŸ˜ğŸ˜ğŸ˜ğŸ˜
https://www.instagram.com/hmena.architecture/,Oh ğŸ˜
https://www.instagram.com/khleothomas/,Yo Iâ€™m hitting the Star Wars Premiere, I need something fresh.
https://www.instagram.com/syee25/,Hi I have an inquiry, please check your Dm and also the post you have been tagged. Thanks.
https://www.instagram.com/francesb154/,@gbingham weâ€™ve gotta go when we are in Miami!!
https://www.instagram.com/pwinsus/,#iwantklarna
https://www.instagram.com/preshvvpplied/,just came back from 8th DR
https://www.instagram.com/davidbitton_architecte/,Must to visit if you are in Miami !!!!!!!!
https://www.instagram.com/ro.k_milano/,Too cool to be true ğŸ‘ğŸ’¡ğŸ’¥
https://www.instagram.com/_thamim__/,Levi's â¤ï¸
https://www.instagram.com/halilibrahimusluofficial/,ğŸ‘ğŸ‘ğŸ‘ğŸ‘
https://www.instagram.com/veganpitbullmama/,â¤ğŸ‘–â¤ğŸ‘–
https://www.instagram.com/tronoscelfi/,ğŸŒ¹ğŸŒ¹ğŸŒ¹
https://www.instagram.com/supreme.culture/,Levi Chewbacca jacket is releasing where?
https://www.instagram.com/airwardrbe/,ğŸŒğŸ”¥HotğŸŒlike the planet . Make nothing new
https://www.instagram.com/fashionpoeista/,Loved this set up, super chill ğŸ’•
https://www.instagram.com/markbwavy/,Still havenâ€™t received my order I placed December 7th at the Levi house pop up
https://www.instagram.com/solcabralmartins/,LindoğŸ‘‹ğŸ‘‹ğŸ‘‹ğŸ‘‹
https://www.instagram.com/allisonmathiasihle/,@toreno__ feat our girl @iamdanileigh
https://www.instagram.com/alistair.gov.au/,Imagine if @levis or any company actually did this stuff permanently instead of just being a temporary marketing campaign, think of the jobs it would create, how much of a boost to the local economy it would have having that many staff on hand all the time.
https://www.instagram.com/l_a_u_va/,ğŸ”¥ increÃ­ble
https://www.instagram.com/alex_ferreira000/,Loveâ™¥ï¸â™¥ï¸â™¥ï¸â™¥ï¸
https://www.instagram.com/vanessacaress/,GreatğŸ¤©ğŸ‘
https://www.instagram.com/adriannedeandrade/,ğŸ‘ğŸ»ğŸ‘ğŸ»â¤ï¸
https://www.instagram.com/lothevi/,ğŸ˜®
https://www.instagram.com/tavanakiarash9247/,Power ğŸŒŸğŸŒŸğŸŒŸğŸŒŸğŸŒŸ
https://www.instagram.com/shanawaz.6904/,ğŸ‘ğŸ‘
https://www.instagram.com/ser_zhuravskii/,ğŸ”¥ğŸ”¥ğŸ”¥ğŸ”¥ğŸ”¥ğŸ™ŒğŸ‘ğŸ”¥
https://www.instagram.com/oscarl.ruiz/,ğŸ˜ğŸ˜ğŸ˜ğŸ˜ğŸ˜ğŸ˜ğŸ˜ğŸ˜ğŸ˜ğŸ˜ğŸ˜ğŸ˜ğŸ˜ğŸ˜ğŸ˜ğŸ˜ğŸ˜ğŸ˜ğŸ˜ğŸ˜ğŸ˜ğŸ˜ğŸ˜ğŸ˜ğŸ˜ğŸ˜ğŸ˜ğŸ˜ğŸ˜ğŸ˜ğŸ˜ğŸ˜ğŸ˜ğŸ˜ğŸ˜ğŸ˜ğŸ˜ğŸ˜ğŸ˜ğŸ˜ğŸ˜ğŸ˜˜ğŸ˜˜ğŸ˜˜ğŸ˜
https://www.instagram.com/sandrajelic11/,GenijalnoğŸ˜Š
https://www.instagram.com/ayunten/,ğŸ˜ğŸ’™ğŸ‘–
https://www.instagram.com/madame_vik/,ğŸ’–ğŸ’–ğŸ’–ğŸ’–ğŸ’–ğŸ’–
https://www.instagram.com/1picturegurl/,Dear @levis I am a massive fan and have worn only Levis for 35 yrs. I have recently committing to only buying from second hand stores. I am wondering what your policy is for end of season looks, or imperfect stock. I know many designers/companies burn the clothes adding to our carbon footprint, and damaging the earth further. Could you please tell me what you guys are doing to be part if the fashion solution of waste. This is a genuine question, not a condemnation or attack; just wanting to know more about a company that I love.ğŸ’œ
https://www.instagram.com/luciamadridconsultant/,Amo estos jeans â™¥ï¸ğŸ˜
https://www.instagram.com/so_foodandtravel/,This looks Amazing ğŸ˜±ğŸ‘
https://www.instagram.com/constansaconti/,genios me encantağŸ‘ğŸ‘ğŸ‘ğŸ‘ğŸ‘
https://www.instagram.com/salinasberdugo/,âœ¨ğŸ‘ğŸ¾ğŸ™ŒğŸ¾
https://www.instagram.com/takayuki_kato7/,Keren â­â­â­â­â­
https://www.instagram.com/simplysuzette/,Wow
https://www.instagram.com/ciazaprzed40tka/,Great movieğŸ‘ğŸ‘Œ. You can see that everyone is having fun and in what good companyğŸ˜€ğŸ‘. Levis upğŸ¤©ğŸ˜
https://www.instagram.com/r.rahulchoudhary/,Amazing brand
https://www.instagram.com/_jok.5/,Good
https://www.instagram.com/seanlequang/,Omw
https://www.instagram.com/yongwkim/,â¤ï¸
https://www.instagram.com/omahyramotaofficial/,AMAZIIIIIIIIIINGğŸ’–ğŸ’–ğŸ’–ğŸ’–ğŸ’–ğŸ’–ğŸ’–ğŸ’–ğŸ’–
https://www.instagram.com/steflenci/,I love this setting ğŸ˜
https://www.instagram.com/alteredego.apparel/,Greatt
https://www.instagram.com/spicyynat/,As someone who is obsessed with levis, this is my dream omg ğŸ˜­ğŸ˜­
https://www.instagram.com/epifani_20192/,ğŸ’›ğŸ’›ğŸ’›ğŸ’›ğŸ’›ğŸ’›ğŸ’›
